{
    "meta": {
        "period": "2025-12",
        "source": "Extracto Bancario",
        "saved_at": "2026-01-19T16:16:07.229141",
        "stats": {
            "match": 0,
            "new": 27,
            "conflict": 9,
            "total": 36
        }
    },
    "items": [
        {
            "fecha": "2025-12-01",
            "concepto": "",
            "valor_csv": -6800.0,
            "valor_db": 0.0,
            "status": "NO_EN_SISTEMA",
            "moneda": "ARS",
            "ref": ""
        },
        {
            "fecha": "2025-12-01",
            "concepto": "Rausch Carolina Fernanda",
            "valor_csv": -420000.0,
            "valor_db": 420000.0,
            "status": "CONCILIADO",
            "moneda": "ARS",
            "ref": "",
            "files": {}
        },
        {
            "fecha": "2025-12-05",
            "concepto": "",
            "valor_csv": -350.0,
            "valor_db": 0.0,
            "status": "NO_EN_SISTEMA",
            "moneda": "ARS",
            "ref": ""
        },
        {
            "fecha": "2025-12-05",
            "concepto": "",
            "valor_csv": -1200.0,
            "valor_db": 0.0,
            "status": "NO_EN_SISTEMA",
            "moneda": "ARS",
            "ref": ""
        },
        {
            "fecha": "2025-12-09",
            "concepto": "",
            "valor_csv": -1232.23,
            "valor_db": 0.0,
            "status": "NO_EN_SISTEMA",
            "moneda": "ARS",
            "ref": ""
        },
        {
            "fecha": "2025-12-09",
            "concepto": "",
            "valor_csv": -8625.62,
            "valor_db": 0.0,
            "status": "NO_EN_SISTEMA",
            "moneda": "ARS",
            "ref": ""
        },
        {
            "fecha": "2025-12-09",
            "concepto": "",
            "valor_csv": -41074.38,
            "valor_db": 0.0,
            "status": "NO_EN_SISTEMA",
            "moneda": "ARS",
            "ref": ""
        },
        {
            "fecha": "2025-12-10",
            "concepto": "",
            "valor_csv": -33328.47,
            "valor_db": 0.0,
            "status": "NO_EN_SISTEMA",
            "moneda": "ARS",
            "ref": ""
        },
        {
            "fecha": "2025-12-11",
            "concepto": "",
            "valor_csv": -380474.92,
            "valor_db": 0.0,
            "status": "NO_EN_SISTEMA",
            "moneda": "ARS",
            "ref": ""
        },
        {
            "fecha": "2025-12-15",
            "concepto": "",
            "valor_csv": -6274.69,
            "valor_db": 0.0,
            "status": "NO_EN_SISTEMA",
            "moneda": "ARS",
            "ref": ""
        },
        {
            "fecha": "2025-12-16",
            "concepto": "HONORARIOS LUIS",
            "valor_csv": -500000.0,
            "valor_db": 500000.0,
            "status": "CONCILIADO",
            "moneda": "ARS",
            "ref": ""
        },
        {
            "fecha": "2025-12-23",
            "concepto": "",
            "valor_csv": -1927.8,
            "valor_db": 0.0,
            "status": "NO_EN_SISTEMA",
            "moneda": "ARS",
            "ref": ""
        },
        {
            "fecha": "2025-12-29",
            "concepto": "",
            "valor_csv": -737234.27,
            "valor_db": 0.0,
            "status": "NO_EN_SISTEMA",
            "moneda": "ARS",
            "ref": ""
        },
        {
            "fecha": "2026-01-05",
            "concepto": "",
            "valor_csv": -3312.27,
            "valor_db": 0.0,
            "status": "NO_EN_SISTEMA",
            "moneda": "ARS",
            "ref": ""
        },
        {
            "fecha": "2026-01-05",
            "concepto": "",
            "valor_csv": -6776.0,
            "valor_db": 0.0,
            "status": "NO_EN_SISTEMA",
            "moneda": "ARS",
            "ref": ""
        },
        {
            "fecha": "2026-01-05",
            "concepto": "",
            "valor_csv": -10032.82,
            "valor_db": 0.0,
            "status": "NO_EN_SISTEMA",
            "moneda": "ARS",
            "ref": ""
        },
        {
            "fecha": "2026-01-05",
            "concepto": "",
            "valor_csv": -10169.21,
            "valor_db": 0.0,
            "status": "NO_EN_SISTEMA",
            "moneda": "ARS",
            "ref": ""
        },
        {
            "fecha": "2026-01-05",
            "concepto": "",
            "valor_csv": -22340.29,
            "valor_db": 0.0,
            "status": "NO_EN_SISTEMA",
            "moneda": "ARS",
            "ref": ""
        },
        {
            "fecha": "2026-01-05",
            "concepto": "",
            "valor_csv": -40140.94,
            "valor_db": 0.0,
            "status": "NO_EN_SISTEMA",
            "moneda": "ARS",
            "ref": ""
        },
        {
            "fecha": "2026-01-05",
            "concepto": "",
            "valor_csv": -90168.46,
            "valor_db": 0.0,
            "status": "NO_EN_SISTEMA",
            "moneda": "ARS",
            "ref": ""
        },
        {
            "fecha": "2026-01-05",
            "concepto": "",
            "valor_csv": -99826.0,
            "valor_db": 0.0,
            "status": "NO_EN_SISTEMA",
            "moneda": "ARS",
            "ref": ""
        },
        {
            "fecha": "2026-01-06",
            "concepto": "",
            "valor_csv": -20185.4,
            "valor_db": 0.0,
            "status": "NO_EN_SISTEMA",
            "moneda": "ARS",
            "ref": ""
        },
        {
            "fecha": "2026-01-06",
            "concepto": "",
            "valor_csv": -44436.23,
            "valor_db": 0.0,
            "status": "NO_EN_SISTEMA",
            "moneda": "ARS",
            "ref": ""
        },
        {
            "fecha": "2026-01-06",
            "concepto": "",
            "valor_csv": -578798.52,
            "valor_db": 0.0,
            "status": "NO_EN_SISTEMA",
            "moneda": "ARS",
            "ref": ""
        },
        {
            "fecha": "2026-01-09",
            "concepto": "",
            "valor_csv": -963.9,
            "valor_db": 0.0,
            "status": "NO_EN_SISTEMA",
            "moneda": "ARS",
            "ref": ""
        },
        {
            "fecha": "2026-01-09",
            "concepto": "",
            "valor_csv": -1363.65,
            "valor_db": 0.0,
            "status": "NO_EN_SISTEMA",
            "moneda": "ARS",
            "ref": ""
        },
        {
            "fecha": "2026-01-09",
            "concepto": "",
            "valor_csv": -9545.55,
            "valor_db": 0.0,
            "status": "NO_EN_SISTEMA",
            "moneda": "ARS",
            "ref": ""
        },
        {
            "fecha": "2026-01-09",
            "concepto": "",
            "valor_csv": -45455.0,
            "valor_db": 0.0,
            "status": "NO_EN_SISTEMA",
            "moneda": "ARS",
            "ref": ""
        },
        {
            "fecha": "2026-01-12",
            "concepto": "ABL (Av. Callao 1234)",
            "valor_csv": -27074.25,
            "valor_db": 27074.25,
            "status": "CONCILIADO",
            "moneda": "ARS",
            "ref": ""
        },
        {
            "fecha": "2026-01-12",
            "concepto": "ABL (J. M. Gutiérrez 3860)",
            "valor_csv": -23039.48,
            "valor_db": 23039.48,
            "status": "CONCILIADO",
            "moneda": "ARS",
            "ref": ""
        },
        {
            "fecha": "2026-01-12",
            "concepto": "AFIM (TGI)",
            "valor_csv": -32065.69,
            "valor_db": 31788.0,
            "status": "CONCILIADO",
            "moneda": "ARS",
            "ref": ""
        },
        {
            "fecha": "2026-01-12",
            "concepto": "",
            "valor_csv": -34036.97,
            "valor_db": 0.0,
            "status": "NO_EN_SISTEMA",
            "moneda": "ARS",
            "ref": ""
        },
        {
            "fecha": "2026-01-12",
            "concepto": "ATER Inmobiliario (Ambrosetti 1338 UF2)",
            "valor_csv": -167705.16,
            "valor_db": 166655.04,
            "status": "CONCILIADO",
            "moneda": "ARS",
            "ref": ""
        },
        {
            "fecha": "2026-01-12",
            "concepto": "AYSA Cochera (Av. Callao 1234)",
            "valor_csv": -22853.2,
            "valor_db": 21683.83,
            "status": "CONCILIADO",
            "moneda": "ARS",
            "ref": ""
        },
        {
            "fecha": "2026-01-12",
            "concepto": "ENERSA (Ayacucho 4015 T2)",
            "valor_csv": -332631.75,
            "valor_db": 325446.11,
            "status": "CONCILIADO",
            "moneda": "ARS",
            "ref": ""
        },
        {
            "fecha": "2026-01-12",
            "concepto": "EXPENSAS (Av. Callao 1234)",
            "valor_csv": -235824.0,
            "valor_db": 235824.0,
            "status": "CONCILIADO",
            "moneda": "ARS",
            "ref": ""
        }
    ]
}